Folder_ID,Folder_Name,,,,,,,
1,O&M,,,,,,,
2,Requirements,,,,,,,
1.1,O&M Docuement,,,,,,,
1.2,Registers,,,,,,,.
1.3,AQUATRINE SITES,,,,,,,..
1.3.1,XA027 - Barry Buddon Training Area,,,,,,,
1.3.2,XA035 - Queen Victoria School,,,,,,,
1.3.3,XA043 - ESD Eastriggs,,,,,,,
1.3.4,XA055 - Kirkcudbright Training Area,,,,,,,
1.3.5,XA064 - Redford Barracks,,,,,,,
1.3.6,XA075 - Castlelaw Ranges,,,,,,,
1.3.7,XA214 - ABSD Stirling,,,,,,,
1.3.8,XA217 - Garelochead Training Camp,,,,,,,
1.3.9,XA218 - Strone Camp,,,,,,,
1.3.10,XA225 - RHF Regt HQ & Museum,,,,,,,
1.3.11,XA227 - Stirling Trg Camp,,,,,,,
1.3.12,XA466 - HQ Craigiehall,,,,,,,
1.3.13,XA467 - Dreghorn Barracks,,,,,,,
1.3.14,XA470 - Milton Bridge,,,,,,,
1.3.15,XA473 - Black Dog Range,,,,,,,
1.3.16,XA474 - Cameron Barracks,,,,,,,
1.3.17,XA475 - Norwegian lodge Adv Trg Hut,,,,,,,
1.3.18,XA480 - HQ 51 Highland Brigade,,,,,,,
1.3.19,XA481 - Balhousie Castle,,,,,,,
1.3.20,XA487 - Victoria Barracks Ballater,,,,,,,
1.3.21,XA514 - Kirknewton Airfield,,,,,,,
1.3.22,XA516 - Kingussie Trg Hut,,,,,,,
1.3.23,XA517 - Dundonnel Trg Hut,,,,,,,
1.3.24,XA519 - Tulloch Trg Centre,,,,,,,
1.3.25,XA583 - Fort George,,,,,,,
1.3.26,XA596 - Cultybraggan Training Camp,,,,,,,
1.3.27,XA614 - ACIO Irvine,,,,,,,
1.3.28,XA616 - ATR Glencorse,,,,,,,
1.3.29,XA630 - NICS Balado Bridge,,,,,,,
1.3.30,XA715 - RM Trg Centre Kinlochleven,,,,,,,
1.3.31,XA736 - MQ Gogar Bank,,,,,,,
1.3.32,XA737 - MQ Scalesburn (Wick),,,,,,,
1.3.33,XC377 - MQ Churchill Est Faslane,,,,,,,
1.3.34,XC384 - Ardpeaton Gardens,,,,,,,
1.3.35,XC423 - DCSA DHFCS Crimond,,,,,,,
1.3.36,XC439 - Kentigern House,,,,,,,
1.3.37,XC452 - RN Expedition Centre Aultbea,,,,,,,
1.3.38,XC469 - Woodfarm Road,,,,,,,
1.3.39,XD136 - MQ Turnhouse (Crammond Place),,,,,,,
1.3.40,XD137 - MQ Turnhouse (North Gyle Drive),,,,,,,
1.3.41,XD138 - MQ Lossiemouth (Bishopmill Estate),,,,,,,
1.3.42,XD156 - Drummore Harbour,,,,,,,
1.3.43,XD695 - MQ HMS Neptune,,,,,,,
1.3.44,XD697 - MQ HMS Neptune (Ardencaple & Banachra Drive),,,,,,,
1.3.45,XD698 - MQ HMS Neptune (Churchill Estate),,,,,,,
1.3.46,XD699 - MQ HMS Neptune (Colgrain Estate),,,,,,,
1.3.47,XD700 - MQ HMS Neptune (Dunluce),,,,,,,
1.3.48,XD701 - MQ Greycourt,,,,,,,
1.3.49,XD703 - MQ HMS Neptune (MacKenzie Estate),,,,,,,
1.3.50,XD704 - MQ Airdrie (Centenary Avenue),,,,,,,
1.3.51,XD705 - MQ Scotland West (Bearsden),,,,,,,
1.3.52,XD706 - MQ Castle Gardens (Drymen),,,,,,,
1.3.53,XD708 - MQ Clifton & Lowther Terrace,,,,,,,
1.3.54,XD711 - MQ Scotland West (Viewpark Drive - Rutherglen),,,,,,,
1.3.55,XD712 - MQ Scotland West (Willow Street - Glasgow),,,,,,,
1.3.56,XD713 - MQ Hillside (Milton of Campsie),,,,,,,
1.3.57,XD714 - MQ Scotland West (Paisley Central),,,,,,,
1.3.58,XD716 - MQ Barnhill Road (Dumbarton),,,,,,,
1.3.59,XD718 - MQ East Lowlands (Dumfries),,,,,,,
1.3.60,XD719 - MQ Benbecula (Tindill),,,,,,,
1.3.61,XD721 - MQ HMS Gannet (Greenan Place),,,,,,,
1.3.62,XD722 - MQ HMS Gannet (Auchengate Crescent),,,,,,,
1.3.63,XD723 - MQ HMS Gannet (Dundonald Crescent),,,,,,,
1.3.64,XD725 - MQ HMS Gannet (Outdale Ave),,,,,,,
1.3.65,XD726 - MQ Lochlands Estate (Condor),,,,,,,
1.3.66,XD733 - MQ Dreghorn,,,,,,,
1.3.67,XD735 - MQ Longstone Estate (Edinburgh),,,,,,,
1.3.68,XD736 - MQ Polton Estate (Edinburgh),,,,,,,
1.3.69,XD737 - MQ Ravelston Dykes (Edinburgh),,,,,,,
1.3.70,XD738 - MQ Redford Estate,,,,,,,
1.3.71,XD740 - MQ Longstone Estate (Redhall),,,,,,,
1.3.72,XD741 - MQ Glencorse Park (Penicuick),,,,,,,
1.3.73,XD744 - MQ Leuchars (Kilmaron Crescent - Cupar),,,,,,,
1.3.74,XD745 - MQ Leuchars (Tarvit Drive - Cupar) DISPOSED,,,,,,,
1.3.75,XD753 - MQ Crosshill Drive (Bo'Ness),,,,,,,
1.3.76,XD754 - MQ Perdieus Mount (Dunfermline)b Disposed,,,,,,,
1.3.77,XD755 - MQ Bridgend Gardens (Windygates),,,,,,,
1.3.78,XD756 - MQ Kinross,,,,,,,
1.3.79,XD757 - MQ Buchan (Claymore Crescent),,,,,,,
1.3.80,XD758 - MQ Buchan (Invernetti Estate),,,,,,,
1.3.81,XD759 - MQ Buchan (Ugieside Estate),,,,,,,
1.3.82,XD761 - MQ Kinloss (Pilmuir Estate),,,,,,,
1.3.83,XD762 - MQ Kinloss (Thornhill Place & Crescent - Forres),,,,,,,
1.3.84,XD764 - MQ Kinloss (Park & Burnside),,,,,,,
1.3.85,XD766 - MQ Kinloss (Northside),,,,,,,
1.3.86,XD767 - MQ Kinloss (Southside),,,,,,,
1.3.87,XD770 - MQ Lossiemouth (Pine Grove - Elgin),,,,,,,
1.3.88,XD771 - MQ Lossiemouth (Reiket Lane),,,,,,,
1.3.89,XD772 - MQ Lossiemouth (Shaw Place),,,,,,,
1.3.90,XD773 - MQ Lossiemouth (Springfield Drive & Gardens),,,,,,,
1.3.91,XD778 - MQ Lossiemouth (Stotfield),,,,,,,
1.3.92,XD782 - MQ Saxa Vord,,,,,,,
1.3.93,XD788 - MQ Aviemore,,,,,,,
1.3.94,XD792 - MQ Wimberley Way,,,,,,,
1.3.95,XD811 - MQ Morlich Place,,,,,,,
1.3.96,XE005 - Barons Point Range,,,,,,,
1.3.97,XE007 - Benbecula Ranges,,,,,,,
1.3.98,XE007 - St Kilda,,,,,,,
1.3.99,XE121 - BUTEC Applecross,,,,,,,
1.3.100,XE122 - BUTEC Kyle of Lochalsh,,,,,,,
1.3.101,XE123 - QINETIQ Loch Fyne,,,,,,,
1.3.102,XE124 - QINETIQ Loch Goil,,,,,,,
1.3.103,XE129 - Port Patrick,,,,,,,
1.3.104,XE131 - Rona,,,,,,,
1.3.105,XE132 - West Freugh Airfield,,,,,,,
1.3.106,XE217 - Clyde Skipness,,,,,,,
1.3.107,XE251 - South Clettraval,,,,,,,
1.3.108,XE256 - DG Range Rosneath,,,,,,,
1.3.109,XN012 - HMNB Clyde,,,,,,,
1.3.110,XN012 - OPA Garelochead,,,,,,,
1.3.111,XN015 - RNAD Coulport,,,,,,,
1.3.112,XN016 - OPA Loch Ewe,,,,,,,
1.3.113,XN017 - South Arm,,,,,,,
1.3.114,XN204 - RMR Glasgow,,,,,,,
1.3.115,XN216 - RM Condor,,,,,,,
1.3.116,XN253 - RHU Port Logistics (Gareloch),,,,,,,
1.3.117,XN254 - RHU Playing Fields,,,,,,,
1.3.118,XN255 - Navy Buildings Greenock,,,,,,,
1.3.119,XN256 - Cape Wrath,,,,,,,
1.3.120,XN262 - HMS Caledonia,,,,,,,
1.3.121,XN264 - OPA Campbeltown,,,,,,,
1.3.122,XN265 - OPA Loch Striven,,,,,,,
1.3.123,XN282 - DARA Almondbank,,,,,,,
1.3.124,XN283 - DM Glen Douglas,,,,,,,
1.3.125,XN284 - DM Crombie,,,,,,,
1.3.126,XN286 - DM Beith,,,,,,,
1.3.127,XN336 - HMS Gannet,,,,,,,
1.3.128,XN343 - CAMRHU Monitor Station (Helensburgh Sea Cadets),,,,,,,
1.3.129,XN355 - Marine Services Base,,,,,,,
1.3.130,XN385 - Balmacara House,,,,,,,
1.3.131,XR001 - RAF Lossiemouth,,,,,,,
1.3.132,XR002 - Radio Station Milltown,,,,,,,
1.3.133,XR007 - RAF Buchan,,,,,,,
1.3.134,XR037 - Kinloss Barracks,,,,,,,
1.3.135,XR038 - Granton on Spey,,,,,,,
1.3.136,XR042 - RAF Machrahanish,,,,,,,
1.3.137,XR050 - RAF Tain,,,,,,,
1.3.138,XR061 - Saxa Vord,,,,,,,
1.3.139,XR320 - Turriff Petrol Supply Depot,,,,,,,
1.3.140,XR401 - University of Glasgow & Strathclyde Air Sqn,,,,,,,
1.3.141,XR402 - RAF Leuchars,,,,,,,
1.3.142,XR412 - RAF Outmuir Radio Station,,,,,,,
1.3.143,XR434 - Aird Uig,,,,,,,
1.3.144,XT visits.xls,,,,,,,
1.3.145,"XT#### - ACF Alloway Street, Larkhall",,,,,,,
1.3.146,XT#### - ACF Auchingill Road (Bishoploch Hall),,,,,,,
1.3.147,XT#### - ACF Crieff,,,,,,,
1.3.148,XT#### - ACF Loanhead,,,,,,,
1.3.149,XT#### - ATC Portobello,,,,,,,
1.3.150,"XT#### - ATC St Leonard Street, Lanark",,,,,,,
1.3.151,XT2001 - Prince Charles Centre Aberdeen,,,,,,,
1.3.152,XT2005 - ATC Kirkcaldy,,,,,,,
1.3.153,XT2010 - ACF Centre Dundee,,,,,,,
1.3.154,XT2011 - ACF Kirriemuir,,,,,,,
1.3.155,XT2017 - TAC Newman House,,,,,,,
1.3.156,XT2018 - VOTC Parkwynd,,,,,,,
1.3.157,XT2027 - ACF Daliburgh,,,,,,,
1.3.158,XT2029- ACT FORRES,,,,,,,
1.3.159,XT2033 - ACF Aboyne,,,,,,,
1.3.160,XT2036 - ACF Cullen,,,,,,,
1.3.161,XT2038 - ACF Fraserburgh,,,,,,,
1.3.162,XT2050 - ACF Bo'ness,,,,,,,
1.3.163,XT2052 - ACF Dumbarton,,,,,,,
1.3.164,XT2054 - ACF WETC Dunkeld,,,,,,,
1.3.165,XT2060 - ACF CTC Lochgilphead,,,,,,,
1.3.166,XT2062 - ACF Milngavie,,,,,,,
1.3.167,XT2063 - ACF & ATC Clydebank,,,,,,,
1.3.168,XT2064 - ACF Denny,,,,,,,
1.3.169,XT2066 - ACF Auchterarder,,,,,,,
1.3.170,"XT2067 - ACF ATC Union Street, Blairgowrie",,,,,,,
1.3.171,XT3001 - Gordon Barracks,,,,,,,
1.3.172,XT3002 - WETC ACF Dingwall,,,,,,,
1.3.173,XT3004 - ACF ATC Montrose,,,,,,,
1.3.174,XT3005 - Yeomanry House,,,,,,,
1.3.175,XT3007 - TAC Lassen House,,,,,,,
1.3.176,XT3008 - TAC Oliver Barracks Dundee,,,,,,,
1.3.177,XT3009 - Seathwood,,,,,,,
1.3.178,XT3010 - TAC Montrose Road,,,,,,,
1.3.179,XT3012 - ATC Craigiebarn,,,,,,,
1.3.180,XT3013 - ACF WETC Dalbog,,,,,,,
1.3.181,XT3014 - ACF Charles Avenue (Arbroath),,,,,,,
1.3.182,XT3016 - ACF HQ Strathmore Avenue,,,,,,,
1.3.183,XT3018 - WETC Drumshoreland House,,,,,,,
1.3.184,XT4002 - TAC Cumbernauld,,,,,,,
1.3.185,XT4003 - TAC Dumbarton,,,,,,,
1.3.186,XT4004 - TAC Grangemouth,,,,,,,
1.3.187,XT4005 - TAC Stirling,,,,,,,
1.3.188,XT4006 - TAC Weyland Park,,,,,,,
1.3.189,XT4007 - TAC Stornaway,,,,,,,
1.3.190,XT4008 - TAC Inverness,,,,,,,
1.3.191,XT4009 - TAC Keith,,,,,,,
1.3.192,XT4010 - TAC Dunoon,,,,,,,
1.3.193,XT4011 - TAC Peterhead,,,,,,,
1.3.194,XT4012 - TAC Garage Red Lion,,,,,,,
1.3.195,XT4013 - ACIO & Garage Kirkcaldy,,,,,,,
1.3.196,XT4015 - TAC Perth,,,,,,,
1.3.197,XT5001 - TAC Bruce House,,,,,,,
1.3.198,XT5002 - TAC Bothwell House,,,,,,,
1.3.199,XT5003 - TAC Forfar,,,,,,,
1.3.200,XT5005 - TAC Leven,,,,,,,
1.3.201,XT5006 - TAC Kirkcaldy,,,,,,,
1.3.202,XT5007 - TAC Glenrothes,,,,,,,
1.3.203,XT5008 - TAC Elgin,,,,,,,
1.3.204,XT5009 - TAC Paton Street Gala,,,,,,,
1.3.205,XT5010 - TAC Alnwickhill Road,,,,,,,
1.3.206,XT5012 - TAC Lanark Road,,,,,,,
1.3.207,XT5013 - TAC Macdonald Rd,,,,,,,
1.3.208,XT5014 - TAC Torphicen Street,,,,,,,
1.3.209,XT5015 - TAC Beveridge Square,,,,,,,
1.3.210,XT5016 - TAC Colinton Road,,,,,,,
1.3.211,XT5017 - TAC Fusilier House,,,,,,,
1.3.212,XT5018 - TAC Clydesmill Drive,,,,,,,
1.3.213,XT5019 - TAC Jardine Street,,,,,,,
1.3.214,XT5020 - TAC Carmunnock Road,,,,,,,
1.3.215,XT5021 - TAC New Pearson Hall,,,,,,,
1.3.216,XT5022 - TAC Lowland House,,,,,,,
1.3.217,XT5023 - TAC Crow Road,,,,,,,
1.3.218,XT5024 - TAC Corsehill Mount Road,,,,,,,
1.3.219,XT5025 - TAC Scottish Rifles House,,,,,,,
1.3.220,XT5026 - TAC Chalmers Road,,,,,,,
1.3.221,XT5027 - TAC Whitefield Road,,,,,,,
1.3.222,XT5028 - TAC Barnsford Bridge,,,,,,,
1.3.223,XT5029 - TAC Anzio Lines,,,,,,,
1.3.224,XT5030 - TAC Hatton House,,,,,,,
1.3.225,XT5031 - TAC Walcheren Bks,,,,,,,
1.3.226,XT5032 - TAC Whitemoss,,,,,,,
1.3.227,XT5033 - TAC Claverhouse,,,,,,,
1.3.228,XT5034 - Nunfield House,,,,,,,
1.3.229,XT5397 - ACF ATC Glenrothes,,,,,,,
1.3.230,XT5516 - TAC Woodgreen Avenue,,,,,,,
1.3.231,XT5518 - RAUXAF Centre,,,,,,,
1.3.232,XT5519 - RM Centre,,,,,,,
1.3.233,XT5520 - Caretakers House,,,,,,,
1.3.234,XT5526 - Dechmont Ranges,,,,,,,
1.3.235,XT5527 - ACF & ATC Penicuick,,,,,,,
1.3.236,XT5528 - TAC Quarry Street,,,,,,,
1.3.237,XT5530 - UOTC Glasgow,,,,,,,
1.3.238,XT5531 - Garages West Annandale Street Edinburgh,,,,,,,
1.3.239,XT5534 - TAC Chesser Crescent,,,,,,,
1.3.240,XT5535 - TAC Range Huts,,,,,,,
1.3.241,XT5536 - TAC Collinton Rd - Artillery House,,,,,,,
1.3.242,XT5537 - ACF Whitburn,,,,,,,
1.3.243,XT5543 - ACF Erskine,,,,,,,
1.3.244,XT5546 - ACF Castle Douglas,,,,,,,
1.3.245,XT5547 - ACF Jedburgh,,,,,,,
1.3.246,XT5555 - ACF Kirkcudbright,,,,,,,
1.3.247,XT5557 - ACF North Berwick,,,,,,,
1.3.248,XT5558 - ACF Dalkeith,,,,,,,
1.3.249,XT5561 - ACF Port Glasgow,,,,,,,
1.3.250,XT5563 - ACF Kilmarnock,,,,,,,
1.3.251,XT5567 - ACF Lanark,,,,,,,
1.3.252,XT5568 - ACF Bellshill,,,,,,,
1.3.253,XT5571 - ACF Barrhead,,,,,,,
1.3.254,XT5573 - ACF South Queensferry,,,,,,,
1.3.255,XT5582 - ACF Newton Stewart,,,,,,,
1.3.256,XT5583 - ACF & ATC Auldhouse Road,,,,,,,
1.3.257,XT5586 - ACF Musselburgh,,,,,,,
1.3.258,XT5587 - ACF Hawkhead Road,,,,,,,
1.3.259,XT5592 - ATC Stenhouse,,,,,,,
1.3.260,XT5593 - ATC Dumfries,,,,,,,
1.3.261,XT5596 - ATC Airdrie,,,,,,,
1.3.262,XT5598 - ATC Loanhead,,,,,,,
1.3.263,XT5602 - ACF Gilmerton,,,,,,,
1.3.264,XT5607 - ATC Livingston,,,,,,,
1.3.265,XT5610 - ATC East Kilbride,,,,,,,
1.3.266,XT5611 - ATC Hillington,,,,,,,
1.3.267,XT5923 - UOTC Aberdeen,,,,,,,
1.3.268,"XT5927 - ACF Anderson Road, Aberdeen",,,,,,,
1.3.269,XT5929 - TA Rifle Range Barvas,,,,,,,
1.3.270,XT5940 - ATC Belford Road,,,,,,,
1.3.271,XT5967 - TAC Wick (SOLD),,,,,,,
1.3.272,XT5971 - ATC Dingwall,,,,,,,
1.3.273,XT5972 - ATC Nairn,,,,,,,
1.3.274,XT5973 - TA & ACF Fort Charlotte,,,,,,,
1.3.275,XT5975 - ATC Craigiebarns,,,,,,,
1.3.276,XT5976 - ACF ATC Alexandria,,,,,,,
1.3.277,XT5977 - ATC Turriff,,,,,,,
1.3.278,XT5979 - ACF Nairn,,,,,,,
1.3.279,XT5980 - ACF Culloden,,,,,,,
1.3.280,XT5987 - ATC Moir Drive,,,,,,,
1.3.281,XT5995-ATC DYCE,,,,,,,
1.3.282,XT7004 - ATC Banchory,,,,,,,
1.3.283,XT7005 - UOTC Tayforth,,,,,,,
1.3.284,XT7006 - ACFTC Arrochar,,,,,,,
1.3.285,XT7007 - ATC SCC Rhu,,,,,,,
1.3.286,XT7008 - WETC Gilbertfield Road,,,,,,,
1.3.287,XT7009 - TAC East Claremont St,,,,,,,
1.3.288,XT7010- ACF Coalburn,,,,,,,